<?xml version="1.0" encoding="UTF-8"?>
<VereORM>
	<constant name="developMode"  value="true" />
	<constant name="showSql"  value="true" />
	
	<dataSource class="com.vere.orm.db.pool.PooledConnection"> 
    	<property name="dbType" value="mysql" />
    	<property name="dbDriver" value="com.mysql.jdbc.Driver" />
    	<property name="dbDatabase" value="test" />
    	<property name="dbUsername" value="root" />
    	<property name="dbPassword" value="19810109" />
    	<property name="dbUrl" value="jdbc:mysql://localhost:3306/test?useUnicode=true&amp;characterEncoding=utf-8" />
    	<property name="idleSize" value="5" />
    	<property name="maxSize" value="10" />
    	<property name="waitTime" value="5000" />
    	<property name="checkTime" value="5000" />
    </dataSource>
    
    <mapping>
    	<class name="com.test.entity.User" table="user">
	    	<id name="id" column="id" generator="assign" />
    	</class>
    </mapping>
	
</VereORM>
